{"cameraMode":{"drawMode":0,"name":"Shaded","section":"Shading Mode"},"sceneLighting":false,"audioPlay":false,"sceneViewState":{"showFog":false,"showMaterialUpdate":false,"showSkybox":false,"showFlares":false,"showImageEffects":false,"showParticleSystems":true},"in2DMode":false,"pivot":{"x":-3.8743019104003908e-7,"y":0.6469193696975708,"z":-2.682209014892578e-7},"rotation":{"x":0.5752423405647278,"y":4.0835794834492847e-7,"z":6.841297590653994e-7,"w":0.8179869055747986},"size":0.8654965162277222,"orthographic":false}