{"cameraMode":{"drawMode":0,"name":"Shaded","section":"Shading Mode"},"sceneLighting":false,"audioPlay":false,"sceneViewState":{"showFog":false,"showMaterialUpdate":false,"showSkybox":false,"showFlares":false,"showImageEffects":false,"showParticleSystems":true},"in2DMode":false,"pivot":{"x":3.499999523162842,"y":-0.2168816328048706,"z":3.500000476837158},"rotation":{"x":0.40611574053764346,"y":0.002741130068898201,"z":-0.0012179468758404255,"w":0.9138258695602417},"size":7.078908443450928,"orthographic":false}