{"cameraMode":{"drawMode":0,"name":"Shaded","section":"Shading Mode"},"sceneLighting":false,"audioPlay":false,"sceneViewState":{"showFog":false,"showMaterialUpdate":false,"showSkybox":false,"showFlares":false,"showImageEffects":false,"showParticleSystems":true},"in2DMode":false,"pivot":{"x":0.943000078201294,"y":1.148653507232666,"z":-8.046627044677734e-7},"rotation":{"x":0.5752423405647278,"y":4.0835794834492847e-7,"z":6.841297590653994e-7,"w":0.8179869055747986},"size":1.3131260871887208,"orthographic":false}