{"cameraMode":{"drawMode":0,"name":"Shaded","section":"Shading Mode"},"sceneLighting":false,"audioPlay":false,"sceneViewState":{"showFog":false,"showMaterialUpdate":false,"showSkybox":false,"showFlares":false,"showImageEffects":false,"showParticleSystems":true},"in2DMode":false,"pivot":{"x":0.6609996557235718,"y":0.6795083284378052,"z":1.2640917301177979},"rotation":{"x":0.5752423405647278,"y":4.0835794834492847e-7,"z":6.841297590653994e-7,"w":0.8179869055747986},"size":0.8679801821708679,"orthographic":false}